Source,Target,Group Source,Group Target
131 MARSILING FOOD HOUSE PTE. LTD.,,200817769R,
147 SERANGOON FOOD HOUSE PTE. LTD.,,200607484W,
147 SERANGOON FOOD HOUSE PTE. LTD.,,200607484W,
233 YISHUN KOPI POINT PTE. LTD.,,201605761R,
280 BISHAN FOOD HOUSE PTE. LTD.,,200702012K,
303 JURONG FOOD HOUSE PTE. LTD.,,200902437R,
555 AMK FOOD HOUSE PTE. LTD.,,200611456C,
7VISIONS DIGINET PTE. LTD.,,201531949M,
881 HOUGANG FOOD HOUSE PTE. LTD.,,200611948D,
ABN AMRO CLEARING BANK N.V. ,KEPPEL DC REIT MANAGEMENT PTE. LTD.,T09FC0093A,199508930C
ADVOCADO LABS PRIVATE LIMITED,,201524111C,
ADVOCADO PTE. LTD.,,201613142Z,
AGP ASIA HOLDING PTE. LTD.,ARMSTRONG INDUSTRIAL CORPORATION LIMITED,201312063N,198003808K
AGP ASIA HOLDING PTE. LTD.,,201312063N,
AIRE-MAX ASIA PTE. LTD.,,201817870K,
ALAN GOH KENG CHIAN ,KATRINA GROUP LTD.,SG459Z,201608344N
ALLEGRO ASIA HOLDINGS PTE LTD,ALLEGRO SOLUTIONS PTE LTD,SG199903669G,SG199903519H
ALLEGRO ASIA HOLDINGS PTE LTD,,SG199903669G,
ALLEGRO SOLUTIONS PTE LTD,,SG199903519H,
ALTLANTIC MARITIME GROUP FZE,Atlantic Maritime Ghana Private Limited,UATLANTICM,UAEATLANTICS
ALTLANTIC MARITIME GROUP FZE,Atlantic Ship Management LLC,UATLANTICM,UAEATLANTICS
ALTLANTIC MARITIME GROUP FZE,,UATLANTICM,
AMEREUS GROUP PTE. LTD.,CLEARBRIDGE HEALTH LIMITED,201330833R,201001436C
AMK 108 FOOD HOUSE PTE. LTD.,,201529681E,
AMK 339 FOOD HOUSE PTE. LTD.,,200918871R,
AMUSEMENT,,SG53053702L,
ANDREW TREVATT,CLEARBRIDGE HEALTH LIMITED,SG939J,201001436C
ANG CHAI CHENG,KATRINA GROUP LTD.,SG257D,201608344N
ANG CHER HOONG GINNY (HONG ZHIFEN GINNY),CLEARBRIDGE HEALTH LIMITED,SG895C,201001436C
ANG HOCK CHWEI,ATLANTIC NAVIGATION HOLDINGS (SINGAPORE) LIMITED,SG030G,200411055E
ANG KOK HUI,KIMLY LIMITED,SG760J,201613903R
ANG LAY HIONG (HONG LIXIANG),KIMLY LIMITED,SG279A,201613903R
ANG TIAN CHUA,KIMLY LIMITED,SG226I,201613903R
ANG WEE TAT,7VISIONS DIGINET PTE. LTD.,SG273B,201531949M
ANG WEE TAT,AMUSEMENT,SG273B,SG53053702L
ANG WEE TAT,APPLE TOURS PTE. LTD.,SG273B,201127993R
ANG WEE TAT,EU ASIA HOLIDAYS PTE. LTD.,SG273B,201317245C
ANG WEE TAT,EU HOLIDAYS PTE. LTD.,SG273B,201022285W
ANG WEE TAT,EU MICE PTE. LTD.,SG273B,201317237K
ANG WEE TAT,RUBBER SOLUTION ORGANISATION,SG273B,SG53191084M
ANG WEE TAT,TRAVELGURU,SG273B,SG53201242M
ANG WEE TAT,TRAVELGURU,SG273B,SG53268034X
ANIL SABNANI,SPIZE EVENTS PTE. LTD.,SG347B,200718144C
APPLE TOURS PTE. LTD.,,201127993R,
ARMSTRONG INDUSTRIAL CORPORATION LIMITED,ARMSTRONG INDUSTRIAL CORPORATION LIMITED,198003808K,198003808K
ARMSTRONG INDUSTRIAL CORPORATION LIMITED,ARMSTRONG MECHANICAL COMPONENTS COMPANY LIMITED,198003808K,0105540027158
ARMSTRONG INDUSTRIAL CORPORATION LIMITED,ARMSTRONG RUBBER AND CHEMICAL PRODUCTS COMPANY LIMITED,198003808K,0105533113656
ARMSTRONG INDUSTRIAL CORPORATION LIMITED,ARMSTRONG RUBBER TECHONLOGY (THAILAND) COMPANY LIMITED,198003808K,0145550000759
ARMSTRONG INDUSTRIAL CORPORATION LIMITED,Armstrong Weston Vietnam Co Ltd,198003808K,2300293858
ARMSTRONG INDUSTRIAL CORPORATION LIMITED,ARMSTRONG-ODENWALD (ASIA) PTE. LTD.,198003808K,199804040H
ARMSTRONG INDUSTRIAL CORPORATION LIMITED,HARDYFLEX INDUSTRIES SDN. BHD.,198003808K,176797-V
ARMSTRONG INDUSTRIAL CORPORATION LIMITED,,198003808K,
ARMSTRONG MECHANICAL COMPONENTS COMPANY LIMITED,,0105540027158,
ARMSTRONG RUBBER AND CHEMICAL PRODUCTS COMPANY LIMITED,,0105533113656,
ARMSTRONG RUBBER TECHONLOGY (THAILAND) COMPANY LIMITED,,0145550000759,
Armstrong Weston Vietnam Co Ltd,,2300293858,
ARMSTRONG-ODENWALD (ASIA) PTE. LTD.,,199804040H,
ARTEL TRADE LLC,,KGARTELT,
ASCOT SPORTS SDN. BHD.,,116517-U,
Atlantic Maritime Ghana Private Limited,,UAEATLANTICS,
ATLANTIC NAVIGATION HOLDINGS (SINGAPORE) LIMITED,ATLANTIC NAVIGATION HOLDINGS INC.,200411055E,BVIATLANTICN
ATLANTIC NAVIGATION HOLDINGS (SINGAPORE) LIMITED,,200411055E,
ATLANTIC NAVIGATION HOLDINGS INC.,ALTLANTIC MARITIME GROUP FZE,BVIATLANTICN,UATLANTICM
ATLANTIC NAVIGATION HOLDINGS INC.,Atlantic Navigation Limited,BVIATLANTICN,BVIATLANTICNAV
ATLANTIC NAVIGATION HOLDINGS INC.,ATLANTIC OCEANA INC.,BVIATLANTICN,BVIATLANTICO
ATLANTIC NAVIGATION HOLDINGS INC.,Atlantic Offshore Inc,BVIATLANTICN,BVIATLANTICOF
ATLANTIC NAVIGATION HOLDINGS INC.,ATLANTIC OFFSHORE SERVICES INC.,BVIATLANTICN,BVIATLANTICOFF
ATLANTIC NAVIGATION HOLDINGS INC.,ATNAV HOLDINGS INC.,BVIATLANTICN,BVIATNAVH
ATLANTIC NAVIGATION HOLDINGS INC.,Bimar Offshore Inc,BVIATLANTICN,BVIBIMAROFF
ATLANTIC NAVIGATION HOLDINGS INC.,CROSSWORLD MARINE SERVICES INC.,BVIATLANTICN,BVICROSSWORLD
ATLANTIC NAVIGATION HOLDINGS INC.,Lift-Offshore Inc,BVIATLANTICN,BVILIFTOFF
ATLANTIC NAVIGATION HOLDINGS INC.,OASIS MARINE INC,BVIATLANTICN,BVIOASISM
ATLANTIC NAVIGATION HOLDINGS INC.,PPACIFIC INTERNATIONAL OFFSHORE INC.,BVIATLANTICN,BVIPACIFICI
ATLANTIC NAVIGATION HOLDINGS INC.,,BVIATLANTICN,
ATLANTIC NAVIGATION LIMITED,,BVIATLANTICNAV,
ATLANTIC OCEANA INC.,,BVIATLANTICO,
ATLANTIC OFFSHORE INC,,BVIATLANTICOF,
ATLANTIC OFFSHORE SERVICES INC.,,BVIATLANTICOFF,
ATLANTIC OILFIELD SERVICES EUROPE B.V.,,34242873,
ATLANTIC ONSHORE SERVICES B.V.,,34282596,
ATLANTIC ROTTERDAM LIMITED,,38033,
Atlantic Ship Management LLC,,UAEATLANTICS,
ATNAV HOLDINGS INC.,ATNAV INC.,BVIATNAVH,BVIATNAVINC
ATNAV HOLDINGS INC.,ATNAV INTERNATIONAL INC.,BVIATNAVH,BVIATNAVI
ATNAV HOLDINGS INC.,ATNAV MARINE INC.,BVIATNAVH,BVIATNAVMARINE
ATNAV HOLDINGS INC.,ATNAV MARITIME INC.,BVIATNAVH,BVIATNAVM
ATNAV HOLDINGS INC.,ATNAV NAUTICAL INC.,BVIATNAVH,BVIATNAVN
ATNAV HOLDINGS INC.,ATNAV OCEANIC INC.,BVIATNAVH,BVIATNAVO
ATNAV HOLDINGS INC.,ATNAV OFFSHORE INC.,BVIATNAVH,BVIATNAVOFF
ATNAV HOLDINGS INC.,,BVIATNAVH,
ATNAV INC.,,BVIATNAVINC,
ATNAV INTERNATIONAL INC.,,BVIATNAVI,
ATNAV MARINE INC.,,BVIATNAVMARINE,
ATNAV MARITIME INC.,,BVIATNAVM,
ATNAV NAUTICAL INC.,,BVIATNAVN,
ATNAV OCEANIC INC.,,BVIATNAVO,
ATNAV OFFSHORE INC.,,BVIATNAVOFF,
AWANA RENTAK SDN. BHD.,SUPERIOR CARBONTECH AND SOLUTIONS SDN. BHD.,679216-A,1161633-D
AWANA RENTAK SDN. BHD.,,679216-A,
B & B ENTERPRISE SDN. BHD.,,67761-A,
BAYU UNTUNG SDN. BHD.,,1027934-A,
BERJAYA MEDIA BERHAD,,290601-T,
BERJAYA RESOURCE HOLDINGS SDN. BHD.,,001805506-V,
BERJAYA VTCY SDN. BHD.,,26929-U,
BEVERIAN HOLDINGS PTE LTD,LUM CHANG HOLDINGS LIMITED,199306719E,198203949N
BEVERIAN HOLDINGS PTE LTD,,199306719E,
Bimar Offshore Inc,,BVIBIMAROFF,
BIOLIDICS LIMITED.,,200913076M,
BN123 FOOD HOUSE PTE. LTD.,,201219700W,
BNP PARIBAS NOMINEES SINGAPORE PTE. LTD.,KEPPEL DC REIT MANAGEMENT PTE. LTD.,197800433K,199508930C
BNP PARIBAS SECURITIES SERVICES,KEPPEL DC REIT MANAGEMENT PTE. LTD.,T08FC7287D,199508930C
BOON LAY 221 FOOD HOUSE PTE. LTD.,,200817276D,
BPSS NOMINEES SINGAPORE (PTE.) LTD.,NO SIGNBOARD HOLDINGS LTD.,201724910N,201715253N
BSNC CORPORATION BERHAD,,23877-T,
BUKIT BATOK 150 FOOD HOUSE PTE. LTD.,,201223442G,
BUSY BEES ASIA PTE. LTD.,,201432726W,
BUSY BEES HOLDINGS PTE. LTD.,BUSY BEES ASIA PTE. LTD.,201431275C,201432726W
BV HEALTHCARE II PTE. LTD.,BIOLIDICS LIMITED.,201009484N,200913076M
CAPITAL STRIDE LTD,,08896886,
CARDIFF CITY FOOTBALL CLUB,,00109065,
CAUSEWAY FOOD HOUSE PTE. LTD.,,200601864M,
"CDP KIMLY PTE. LTD.	",,201621444K,
CGS-CIMB SECURITIES (SINGAPORE) PTE. LTD.,CNMC GOLDMINE HOLDINGS LIMITED,198701621D,201119104K
CGS-CIMB SECURITIES (SINGAPORE) PTE. LTD.,INNOPAC HOLDINGS LIMITED,198701621D,197301788K
CGS-CIMB SECURITIES (SINGAPORE) PTE. LTD.,JUMBO GROUP LIMITED,198701621D,201503401Z
CGS-CIMB SECURITIES (SINGAPORE) PTE. LTD.,KATRINA GROUP LTD.,198701621D,201608344N
CGS-CIMB SECURITIES (SINGAPORE) PTE. LTD.,KEPPEL DC REIT MANAGEMENT PTE. LTD.,198701621D,199508930C
CGS-CIMB SECURITIES (SINGAPORE) PTE. LTD.,KS ENERGY LIMITED,198701621D,198300104G
CGS-CIMB SECURITIES (SINGAPORE) PTE. LTD.,NO SIGNBOARD HOLDINGS LTD.,198701621D,201715253N
CHAI CHEE 29 FOOD HOUSE PTE. LTD.,,200818303M,
CHAI HWEE HOON DOREEN,ATLANTIC NAVIGATION HOLDINGS (SINGAPORE) LIMITED,SG958H,200411055E
CHANG LING SEOW,CLEARBRIDGE HEALTH LIMITED,SG168Z,201001436C
CHAO YANG SEAFOOD,,53234884B,
CHATTERJEE BRATADEV,LUCROR PROPERTY PTE. LTD.,SG4882,201623848E
CHEN CHUNG NI @JOHNNY CHEN,CLEARBRIDGE HEALTH LIMITED,SG643I,201001436C
CHEW BOON THONG,CAPITAL STRIDE LTD,SG390B,08896886
CHEW BOON THONG,IC INTERIOR CARPENTRY,SG390B,53320010E
CHEW BOON THONG,INTERIOR CARPENTRY PTE. LTD.,SG390B,201431904D
CHEW BOON THONG,LUCROR PROPERTY PTE. LTD.,SG390B,201623848E
CHEW BOON THONG,MIG NETWORK INTERNATIONAL PTE. LTD.,SG390B,201506032Z
CHEW BOON THONG,PARAGON ASSETS PTE. LTD.,SG390B,201417735E
CHEW BOON THONG,QQ PET BOARDING,SG390B,53214995E
CHEW BOON THONG,SCCI HOLDINGS PTE. LTD.,SG390B,201833314R
CHEW BOON THONG,SHINY HAND CAR WASH LIMITED,SG390B,09347931
CHEW BOON THONG,"SINGAPORE CHAMBER OF BUSINESS	",SG390B,53387969L
CHEW BOON THONG,SINGAPORE FACEBOOK NETWORK,SG390B,53386976E
CHEW BOON THONG,SINGAPORE PROPERTY NETWORK,SG390B,53385070C
CHEW BOON THONG,STORE TO BUY,SG390B,53132469M
CHEW BOON THONG,STRIDE GROUP LLP,SG390B,T14LL0186D
CHEW BOON THONG,WEALTH INVEST PTE. LTD.,SG390B,201431997K
CHEW BOON THONG,WHATSAPP NETWORK,SG390B,53387520W
CHIA CHER KHIANG,FOODCLIQUE (CAPEVIEW) PTE. LTD.,SG955A,201539150C
CHIA CHER KHIANG,FOODCLIQUE PTE. LTD.,SG955A,201021185G
CHIA CHER KHIANG,GLEVIN INVESTMENT PTE. LTD.,SG955A,201216804G
CHIA CHER KHIANG,KIMLY FOOD MANUFACTURING PTE. LTD.,SG955A,200813389W
CHIA CHER KHIANG,KIMLY LIMITED,SG955A,201613903R
CHIA KAY WEE ERIC,ADVOCADO LABS PRIVATE LIMITED,SG055F,201524111C
CHIA KAY WEE ERIC,ADVOCADO PTE. LTD.,SG055F,201613142Z
CHIA KAY WEE ERIC,ALLEGRO ASIA HOLDINGS PTE LTD,SG055F,SG199903669G
CHIA KAY WEE ERIC,ECLIPSE INFOTECH,SG055F,SG52998064M
CHIA KAY WEE ERIC,LAUNCHSTARS PTE. LTD.,SG055F,201300226N
CHIA KAY WEE ERIC,LNF PRODUCTIONS,SG055F,SG53008611E
CHIA KAY WEE ERIC,NEW DRAGON TRADING,SG055F,SG52987323X
CHIA KAY WEE ERIC,PINK FLUX LLP,SG055F,SGT09LL1926C
CHIA KAY WEE ERIC,QUAFFS PTE. LTD.,SG055F,200700213W
CHIA KAY WEE ERIC,TRINITY CORPORATE RECOVERY PTE. LTD.,SG055F,200409065K
CHIA KAY WEE ERIC,VIRTUAL LIFE,SG055F,SG52891815W
CHIA KAY WEE ERIC,WELCOMEFIVE,SG055F,SG53195326B
CHIA KAY WEE ERIC,XPLISITE SOLUTIONS,SG055F,SG52947046B
CHIA KAY WEE ERIC,XPLISITE SOLUTIONS PTE. LTD.,SG055F,200407170K
CHIA KOK HOONG,HC SURGICAL SPECIALISTS LIMITED,SG907Z,201533429G
CHIAM HOCK POH,LUM CHANG HOLDINGS LIMITED,SGUnknown,198203949N
CHODEE FOOD HOLDINGS PTE. LTD.,KIMLY DIM SUM PTE. LTD.,200813391D,201621096W
CHODEE FOOD HOLDINGS PTE. LTD.,,200813391D,
CHODEE HOLDINGS PTE. LTD.,,200310038M,
CHOH DEE FOOD PLACE (FLS) PTE. LTD.,,201533097R,
CHOH DEE PLACE (163A) PTE. LTD.,,200718039H,
CHOH DEE PLACE (346A) PTE. LTD.,,200717998H,
CHONG CHEE WAH,CLEARBRIDGE HEALTH LIMITED,SGUnknown,201001436C
CHONG KAI CHUAN,BIOLIDICS LIMITED.,SG865G,200913076M
CHONG MEE CHIN ,ATLANTIC NAVIGATION HOLDINGS (SINGAPORE) LIMITED,SGunknown,200411055E
CHONG MEE CHIN ,,200411055E,
CHONG SER PHENG,ATLANTIC NAVIGATION HOLDINGS (SINGAPORE) LIMITED,SGunknown,200411055E
CHOO CHEE KONG,MESSIAH LIMITED,SG468B,HK2169389
CHU CHOY HAR,KS ENERGY LIMITED,SGUnknown,198300104G
CHUA TEO LENG,CNMC GOLDMINE HOLDINGS LIMITED,SG894F,201119104K
CITIBANK NOMINEES SINGAPORE PTE LTD,CNMC GOLDMINE HOLDINGS LIMITED,198801936W,201119104K
CITIBANK NOMINEES SINGAPORE PTE LTD,JUMBO GROUP LIMITED,198801936W,201503401Z
CITIBANK NOMINEES SINGAPORE PTE LTD,KS ENERGY LIMITED,198801936W,198300104G
CITIBANK NOMINEES SINGAPORE PTE LTD,LUM CHANG HOLDINGS LIMITED,198801936W,198203949N
CITIBANK NOMINEES SINGAPORE PTE LTD,NO SIGNBOARD HOLDINGS LTD.,198801936W,201715253N
CITIBANK NOMINEES SINGAPORE PTE LTD ,CLEARBRIDGE HEALTH LIMITED,198801936W,201001436C
CITIBANK NOMINEES SINGAPORE PTE LTD ,KATRINA GROUP LTD.,198801936W,201608344N
CITIBANK NOMINEES SINGAPORE PTE LTD  ,KEPPEL DC REIT MANAGEMENT PTE. LTD.,198801936W,199508930C
CLEARBRIDGE BSA PTE. LTD.,BIOLIDICS LIMITED.,201201627R,200913076M
CLEARBRIDGE BSA PTE. LTD.,,201201627R,
CLEARBRIDGE HEALTH LIMITED,CLEARBRIDGE BSA PTE. LTD.,201001436C,201201627R
CLEARBRIDGE HEALTH LIMITED,,201001436C,
CLEMENTI 325 FOOD HOUSE PTE. LTD.,,200811324N,
CNMC GOLDMINE HOLDINGS LIMITED,,201119104K,
COOP INTERNATIONAL PTE. LTD.,CLEARBRIDGE HEALTH LIMITED,198000981C,201001436C
COSWAY SPORTS SDN. BHD.,,133572-X,
CROSSWORLD MARINE SERVICES INC.,,BVICROSSWORLD,
DANISH BREWERIES PTE. LTD.,,201416559H,
DARK HORSE INVESTMENT HOLDINGS LIMITED,BIOLIDICS LIMITED.,1278271,200913076M
DB NOMINEES (SINGAPORE) PTE LTD,ATLANTIC NAVIGATION HOLDINGS (SINGAPORE) LIMITED,,200411055E
DB NOMINEES (SINGAPORE) PTE LTD,JUMBO GROUP LIMITED,197300322N,201503401Z
DB NOMINEES (SINGAPORE) PTE LTD,KEPPEL DC REIT MANAGEMENT PTE. LTD.,197300322N,199508930C
DB NOMINEES (SINGAPORE) PTE LTD,NO SIGNBOARD HOLDINGS LTD.,197300322N,201715253N
DBS NOMINEES (PRIVATE) LIMITED,ATLANTIC NAVIGATION HOLDINGS (SINGAPORE) LIMITED,,200411055E
DBS NOMINEES (PRIVATE) LIMITED,CLEARBRIDGE HEALTH LIMITED,196900222R,201001436C
DBS NOMINEES (PRIVATE) LIMITED,CNMC GOLDMINE HOLDINGS LIMITED,196900222R,201119104K
DBS NOMINEES (PRIVATE) LIMITED,INNOPAC HOLDINGS LIMITED,196900222R,197301788K
DBS NOMINEES (PRIVATE) LIMITED,JUMBO GROUP LIMITED,196900222R,201503401Z
DBS NOMINEES (PRIVATE) LIMITED,KATRINA GROUP LTD.,196900222R,201608344N
DBS NOMINEES (PRIVATE) LIMITED,KEPPEL DC REIT MANAGEMENT PTE. LTD.,196900222R,199508930C
DBS NOMINEES (PRIVATE) LIMITED,KIMLY LIMITED,196900222R,201613903R
DBS NOMINEES (PRIVATE) LIMITED,KS ENERGY LIMITED,196900222R,198300104G
DBS NOMINEES (PRIVATE) LIMITED,LUM CHANG HOLDINGS LIMITED,196900222R,198203949N
DBS VICKERS SECURITIES (SINGAPORE) PTE LTD,INNOPAC HOLDINGS LIMITED,198600294G,197301788K
DBS VICKERS SECURITIES (SINGAPORE) PTE LTD,KEPPEL DC REIT MANAGEMENT PTE. LTD.,198600294G,199508930C
DBSN SERVICES PTE. LTD.,NO SIGNBOARD HOLDINGS LTD.,200602090G,201715253N
DBSN SERVICES PTE. LTD. ,KEPPEL DC REIT MANAGEMENT PTE. LTD.,200602090G,199508930C
DC REIT HOLDINGS PTE. LTD.,KEPPEL DC REIT MANAGEMENT PTE. LTD.,199408035C,199508930C
DEZHOU SHENG RONG GAS CO LTD ,,CN371400400004400,
DISCOVERER 1 PTE. LTD.,,200723513G,
DISCOVERER 2 PTE. LTD.,,200708591M,
DISCOVERER 3 PTE. LTD.,,DISCOVER3,
DISCOVERER 4 PTE. LTD.,,200700221H,
DRAFF BEER PTE. LTD.,,201714094K,
DRAFT BREWERIES DENMARK APS,,DK36065192,
DRAGON DISCOVERY SDN. BHD.,,598512-M,
DUBAI TRANSPORT COMPANY LLC,KS ENERGY LIMITED,UAEDUBAIT,198300104G
ECLIPSE INFOTECH,,SG52998064M,
ECO PALM PAPER SDN. BHD.,,704625-W,
EDLYN LUM WEN EE,LUM CHANG INVESTMENTS PTE LTD,SGUnknown,198403391K
EMEDIFILE SDN. BHD.,,589801-X,
EMLYN LUM WEN YAN,LUM CHANG INVESTMENTS PTE LTD,SGUnknown,198403391K
ENIGMA VENTURE (M) SDN. BHD.,,665475-D,
ESA ELECTRONICS PTE LTD,INNOPAC HOLDINGS LIMITED,199201933H,197301788K
EU ASIA HOLIDAYS PTE. LTD.,,201317245C,
EU HOLIDAYS PTE. LTD.,,201022285W,
EU MICE PTE. LTD.,,201317237K,
EXCEL-ANN TECHNOLOGY PTE. LTD.,,201707817H,
EXCELTEC PROPERTY MANAGEMENT PTE LTD,EXCEL-ANN TECHNOLOGY PTE. LTD.,199708207E,201707817H
EXPAND CONSTRUCTION PTE. LTD.,,200005999D,
EXPAND CONSTRUCTION PTE. LTD.,,200005999D,
EXPLOMO GROUP PTE. LTD.,EXPLOMO TECHNICAL SERVICES PTE. LTD.,201615186G,198804389R
EXPLOMO TECHNICAL SERVICES PTE. LTD.,,198804389R,
EXTERA PTE. LTD.,DEZHOU SHENG RONG GAS CO LTD ,201024416C,CN371400400004400
EXTERA PTE. LTD.,,201024416C,
FANG BOON SING,CLEARBRIDGE HEALTH LIMITED,SG254H,201001436C
FOODCLIQUE (CAPEVIEW) PTE. LTD.,,201539150C,
FOODCLIQUE PTE. LTD.,,201021185G,
FOODTALKS CATERER & MANUFACTURER,,53029450L,
FOODWERKZ HUB PTE. LTD.,,201202960K,
FOUR SEAS NOMINEES PRIVATE LIMITED,LUM CHANG HOLDINGS LIMITED,196600164D,198203949N
GANDA KUAT SDN BHD,,138144-K,
GAY BOON BENG JACOB,MIDAS NSSG INTERNATIONAL PTE. LTD.,SG104D,201528233H
GILBERT INVESTMENT CORPORATION PTE. LTD.,AGP ASIA HOLDING PTE. LTD.,201312056N,201312063N
GLEVIN INVESTMENT PTE. LTD.,,201216804G,
GLOBALTECH SYSTEMS ENGINEERING PTE. LTD.,PT GLOBALTECH SYSTEMS ENGINEERING,200105112M,INDPTGLOBAL
GLOBALTECH SYSTEMS ENGINEERING PTE. LTD.,,200105112M,
GOH SENG POH,AIRE-MAX ASIA PTE. LTD.,SG877A,201817870K
GOH SHEN SHU DONOVAN ,KATRINA GROUP LTD.,SG726G,201608344N
GOH SIOW KHIM @ GOH SEOW KIN,NO SIGNBOARD HOLDINGS LTD.,SG880F,201715253N
GOI KOK MING,NO SIGNBOARD HOLDINGS LTD.,SG300I,201715253N
GOLDEN EAGLE MINING PTE. LTD.,ARTEL TRADE LLC,201024226E,KGARTELT
"GOURMET EXPRESS FOOD HOUSE PTE. LTD.	",,200613753E,
GUGONG PTE. LTD.,NO SIGNBOARD HOLDINGS LTD.,199308096E,201715253N
GWEE BOON TIONG @ WEI WENZHONG,INNOPAC HOLDINGS LIMITED,SGunknown,197301788K
HARDYFLEX INDUSTRIES SDN. BHD.,,176797-V,
HARESH SABNANI,SPIZE EVENTS PTE. LTD.,SG166A,200718144C
HARUM MULIA SDN. BHD.,,860240-M,
HC SURGICAL SPECIALISTS LIMITED,MEDINEX LIMITED,201533429G,200900689W
HEAH SIEU MIN,HC SURGICAL SPECIALISTS LIMITED,SG285D,201533429G
HEKLA INVESTMENTS LIMITED,CLEARBRIDGE HEALTH LIMITED,MAHEKLAI,201001436C
HENG TECK MENG @HARRY HENG,ADVOCADO PTE. LTD.,SG701B,201613142Z
HENG TECK MENG @HARRY HENG,QUAFFS PTE. LTD.,SG701B,200700213W
HENG WAH CHONG,NO SIGNBOARD HOLDINGS LTD.,SG550H,201715253N
HERITAGE INVESTMENT CORPORATION BRITISH VIRGIN ISLANDS,,BVIHERITAGEI,
HG327 KIMLY PTE. LTD.,,201539413G,
HIGH-5 CONGLOMERATE BERHAD,,277977-X,
HONG LEONG FINANCE NOMINEES PTE LTD,KIMLY LIMITED,199401472D,201613903R
HONG LEONG FINANCE NOMINEES PTE LTD,LUM CHANG HOLDINGS LIMITED,199401472D,198203949N
HOTEL RESORT ENTERPRISE SDN. BHD.,,118492-K,
HSBC (SINGAPORE) NOMINEES PTE LTD,JUMBO GROUP LIMITED,194600097H,201503401Z
HSBC (SINGAPORE) NOMINEES PTE LTD,KEPPEL DC REIT MANAGEMENT PTE. LTD.,194600097H,199508930C
HSBC (SINGAPORE) NOMINEES PTE LTD,NO SIGNBOARD HOLDINGS LTD.,194600097H,201715253N
IC INTERIOR CARPENTRY,,53320010E,
IKATAN JAUHARI SDN. BHD.,,769331-W,
ILHAM OMBAK SDN. BHD.,,338991-K,
INDAH JAYA PLANTATIONS SDN. BHD.,,201355-K,
INNO-PACIFIC REALTY SDN. BHD.,MEGAN MIDAS SDN. BHD.,932514-K,769093-A
INNOPAC HOLDINGS LIMITED,AWANA RENTAK SDN. BHD.,197301788K,679216-A
INNOPAC HOLDINGS LIMITED,ENIGMA VENTURE (M) SDN. BHD.,197301788K,665475-D
INNOPAC HOLDINGS LIMITED,EXTERA PTE. LTD.,197301788K,201024416C
INNOPAC HOLDINGS LIMITED,GOLDEN EAGLE MINING PTE. LTD.,197301788K,201024226E
INNOPAC HOLDINGS LIMITED,HERITAGE INVESTMENT CORPORATION BRITISH VIRGIN ISLANDS,197301788K,BVIHERITAGEI
INNOPAC HOLDINGS LIMITED,INNO-PACIFIC REALTY SDN. BHD.,197301788K,932514-K
INNOPAC HOLDINGS LIMITED,JADENSWORTH HOLDINGS PTE LTD,197301788K,199001387C
INNOPAC HOLDINGS LIMITED,MALAYSIAN MICROALGAE ENTERPRISE SDN. BHD.,197301788K,1158922-W
INNOPAC HOLDINGS LIMITED,PG COMMUNICATIONS PTE. LTD.,197301788K,197500908H
INNOPAC HOLDINGS LIMITED,SHAKEY'S HOLDINGS PTE LTD,197301788K,199005272E
INNOPAC HOLDINGS LIMITED,WANG DA INVESTMENTS LIMITED,197301788K,BVIWANGD
INNOVATION (CHINA) LIMITED,CNMC GOLDMINE HOLDINGS LIMITED,HK0768071,201119104K
INTAN UTILITIES BERHAD,,371677-T,
INTERIOR CARPENTRY PTE. LTD.,,201431904D,
INTERNATIONAL BUSINESS SCHOOL,,53379818C,
IPCO INTERNATIONAL LIMITED.,ESA ELECTRONICS PTE LTD,199202747M,199201933H
J-MEMBINA FOOD HOUSE PTE. LTD.,,200708667N,
JADENSWORTH HOLDINGS PTE LTD,,199001387C,
JBO HOLDINGS PTE LTD,JUMBO GROUP LIMITED,201531231K,201503401Z
JE346 EATING HOUSE PTE. LTD.,,200208507E,
JENAMA GEMILANG SDN. BHD.,,348224-X,
JEREMY LEE SHENG POH,NO SIGNBOARD HOLDINGS LTD.,SG513J,201715253N
JEWISH BUSINESS SCHOOL,,53378751C,
JIN WEI FOOD HOLDINGS PTE. LTD.,,200601864M,
JITUMAJU SDN. BHD.,,108727-D,
JOHN BRIAN WOODWARD,BUSY BEES ASIA PTE. LTD.,510620367,201432726W
JOHNSON CHEN,BIOLIDICS LIMITED.,SG726A,200913076M
JOHNSON CHEN,CLEARBRIDGE HEALTH LIMITED,SG726A,201001436C
JOVAL GAN WEI ZE,ADVOCADO PTE. LTD.,SG629F,201613142Z
JUMBO GROUP LIMITED,,201503401Z,
JUMMAIDA BINTI RUSDON,BUSY BEES ASIA PTE. LTD.,SG317Z,201432726W
JURONG WEST 651 FOOD HOUSE PTE. LTD.,,200718005G,
JW 501 FOOD HOUSE PTE. LTD.,,200608202C,
KAM TEOW CHONG,KS ENERGY LIMITED,198300104GKTC,198300104G
KATRINA GROUP LTD.,STRAITS ORGANIZATION PTE. LTD.,201608344N,201736152C
KAW LAI FONG,CNMC GOLDMINE HOLDINGS LIMITED,SG920G,201119104K
KEMAJUAN PAKATAN SDN.BHD.,,108756-U,
KEN SEE,EU HOLIDAYS PTE. LTD.,SG263B,201022285W
KENYON PTE. LTD.,BIOLIDICS LIMITED.,198804457K,200913076M
KEPPEL DC INVESTMENT HOLDINGS PTE. LTD.,KEPPEL DC REIT MANAGEMENT PTE. LTD.,199005264N,199508930C
KEPPEL DC REIT MANAGEMENT PTE LTD ,KEPPEL DC REIT MANAGEMENT PTE. LTD.,199508930C,199508930C
KIM BOON TAI EATING HOUSE PTE LTD,,200107738D,
"KIMLY DIM SUM EAST PTE. LTD.	",,201621811W,
KIMLY DIM SUM PTE. LTD.,"KIMLY DIM SUM EAST PTE. LTD.	",201621096W,201621811W
KIMLY DIM SUM PTE. LTD.,"KIMLY DIM SUM WEST PTE. LTD.	",201621096W,201621449E
KIMLY DIM SUM PTE. LTD.,"KIMLY FOOD MANUFACTURING PTE. LTD.	",201621096W,200813389W
"KIMLY DIM SUM WEST PTE. LTD.	",,201621449E,
KIMLY FOOD HOLDINGS PTE. LTD.,"KIMLY MAKAN PLACE PTE. LTD.	",201613903R,201621028K
KIMLY FOOD HOLDINGS PTE. LTD.,"KIMLY MVR PTE. LTD.	",201613903R,201621034Z
KIMLY FOOD HOLDINGS PTE. LTD.,KIMLY SEAFOOD PTE. LTD.,201613903R,201621091D
KIMLY FOOD MANUFACTURING PTE. LTD.,,200813389W,
KIMLY FOOD PRODUCTS PTE. LTD.,,201423563E,
KIMLY LIMITED,"233 YISHUN KOPI POINT PTE. LTD.	",201613903R,201605761R
KIMLY LIMITED,CHODEE FOOD HOLDINGS PTE. LTD.,201613903R,200813391D
KIMLY LIMITED,KIMLY FOOD HOLDINGS PTE. LTD.,201613903R,200414013C
KIMLY LIMITED,LHL GROUP PTE. LTD.,201613903R,200414016N
"KIMLY MAKAN PLACE PTE. LTD.	",147 SERANGOON FOOD HOUSE PTE. LTD.,201621028K,200607484W
"KIMLY MAKAN PLACE PTE. LTD.	","881 HOUGANG FOOD HOUSE PTE. LTD.	",201621028K,200611948D
"KIMLY MAKAN PLACE PTE. LTD.	","BN123 FOOD HOUSE PTE. LTD.	",201621028K,201219700W
"KIMLY MAKAN PLACE PTE. LTD.	","CDP KIMLY PTE. LTD.	",201621028K,201621444K
"KIMLY MAKAN PLACE PTE. LTD.	","CHAI CHEE 29 FOOD HOUSE PTE. LTD.	",201621028K,200818303M
"KIMLY MAKAN PLACE PTE. LTD.	","CHOH DEE PLACE (163A) PTE. LTD.	",201621028K,200718039H
"KIMLY MAKAN PLACE PTE. LTD.	","CHOH DEE PLACE (346A) PTE. LTD.	",201621028K,200717998H
"KIMLY MAKAN PLACE PTE. LTD.	","FOODCLIQUE (CAPEVIEW) PTE. LTD.	",201621028K,201539150C
"KIMLY MAKAN PLACE PTE. LTD.	",FOODCLIQUE PTE. LTD.,201621028K,201021185G
"KIMLY MAKAN PLACE PTE. LTD.	","GOURMET EXPRESS FOOD HOUSE PTE. LTD.	",201621028K,200613753E
"KIMLY MAKAN PLACE PTE. LTD.	",JIN WEI FOOD HOLDINGS PTE. LTD.,201621028K,200601864M
"KIMLY MAKAN PLACE PTE. LTD.	","JURONG WEST 651 FOOD HOUSE PTE. LTD.	",201621028K,200718005G
"KIMLY MAKAN PLACE PTE. LTD.	",PARK (E) CRESCENT FOOD HOUSE PTE. LTD.,201621028K,200510615H
"KIMLY MAKAN PLACE PTE. LTD.	",PARK RESERVOIR FOOD HOUSE PTE. LTD.,201621028K,200503180C
"KIMLY MAKAN PLACE PTE. LTD.	",PP146 FOOD HOUSE PTE. LTD.,201621028K,200718012G
"KIMLY MAKAN PLACE PTE. LTD.	",SENGKANG 266 FOOD HOUSE PTE. LTD.,201621028K,201107445E
"KIMLY MAKAN PLACE PTE. LTD.	",TAMPINES WEST FOOD COURT PTE. LTD.,201621028K,201406363H
"KIMLY MAKAN PLACE PTE. LTD.	","YONG YUN PTE. LTD.	",201621028K,201621813Z
"KIMLY MAKAN PLACE PTE. LTD.	",,201621028K,
KIMLY MVR CENTRAL PTE. LTD.,,201621802R,
KIMLY MVR EAST PTE. LTD.,,201621452C,
"KIMLY MVR PTE. LTD.	",KIMLY FOOD PRODUCTS PTE. LTD.,201621034Z,201423563E
"KIMLY MVR PTE. LTD.	",KIMLY MVR CENTRAL PTE. LTD.,201621034Z,201621802R
"KIMLY MVR PTE. LTD.	",KIMLY MVR EAST PTE. LTD.,201621034Z,201621452C
"KIMLY MVR PTE. LTD.	",KIMLY MVR WEST PTE. LTD.,201621034Z,201621456E
KIMLY MVR WEST PTE. LTD.,,201621456E,
"KIMLY SEAFOOD CENTRAL PTE. LTD.	",,201621460M,
"KIMLY SEAFOOD EAST PTE. LTD.	",,201621466W,
KIMLY SEAFOOD PTE. LTD.,"KIMLY SEAFOOD CENTRAL PTE. LTD.	",201621091D,201621460M
KIMLY SEAFOOD PTE. LTD.,"KIMLY SEAFOOD EAST PTE. LTD.	",201621091D,201621466W
KIMLY SEAFOOD PTE. LTD.,"KIMLY SEAFOOD WEST PTE. LTD.	",201621091D,201621468Z
KIMLY SEAFOOD PTE. LTD.,,201621091D,
"KIMLY SEAFOOD WEST PTE. LTD.	",,201621468Z,
KOH AH SAY @ SEE BOON CHYE,JUMBO GROUP LIMITED,SG525G,201503401Z
KOH HOCK SENG,EXCELTEC PROPERTY MANAGEMENT PTE LTD,SG151I,199708207E
KOH PECK CHONG (XU BOCONG),KIMLY LIMITED,SG364H,201613903R
KONINKLIJKE VOETBALCLUB KORTRIJK,,KVKORT,
KOPI SUCCESS PTE LTD,,200101964H,
KOPITIAM INVESTMENT PTE. LTD.,,199302777N,
KS DISCOVERY (HK) LIMITED,KS DRILLING EGYPT INC.,1182645,EGKSDRILL
KS DISCOVERY (HK) LIMITED,QIM VENTURES LIMITED,1182645,HE222215
KS DISCOVERY (HK) LIMITED,,1182645,
KS DRILLING ARABIA,,SAUKSDRILL,
KS DRILLING EGYPT INC.,,EGKSDRILL,
KS DRILLING EMEA LIMITED,ATLANTIC OILFIELD SERVICES EUROPE B.V.,HE173250,34242873
KS DRILLING EMEA LIMITED,ATLANTIC ONSHORE SERVICES B.V.,HE173250,34282596
KS DRILLING OPERATING COMPANY LTD,,VN3502251926,
KS DRILLING PTE. LTD.,DISCOVERER 1 PTE. LTD.,200920855C,200723513G
KS DRILLING PTE. LTD.,DISCOVERER 2 PTE. LTD.,200920855C,200708591M
KS DRILLING PTE. LTD.,DISCOVERER 3 PTE. LTD.,200920855C,DISCOVER3
KS DRILLING PTE. LTD.,DISCOVERER 4 PTE. LTD.,200920855C,200700221H
KS DRILLING PTE. LTD.,KS DISCOVERY (HK) LIMITED,200920855C,1182645
KS DRILLING PTE. LTD.,KSAM2 PETRODILL OFFSHORE INC.,200920855C,BVIKSAM2
KS ENERGY LIMITED,KS DRILLING ARABIA,198300104G,SAUKSDRILL
KS ENERGY LIMITED,KS DRILLING EMEA LIMITED,198300104G,HE173250
KS ENERGY LIMITED,KS DRILLING OPERATING COMPANY LTD,198300104G,VN3502251926
KS ENERGY LIMITED,KS DRILLING PTE. LTD.,198300104G,200920855C
KS ENERGY LIMITED,KS FABRICATION AND ENGINEERING PTE. LTD.,198300104G,199401121E
KS ENERGY LIMITED,KS RESOURCES PTE. LTD.,198300104G,200819107D
KS ENERGY LIMITED,KS RIG INVEST PTE LTD,198300104G,201333002Z
KS ENERGY LIMITED,PT ATLANTIC OILFIELD SERVICES,198300104G,INDPTATLAN
KS ENERGY LIMITED,PT PETRO PAPUA ENERGI,198300104G,INDPTPETRO
KS ENERGY LIMITED,S&E CUMFORD (THAILAND) LTD,198300104G,105495000781
KS ENERGY LIMITED,SPHINX FRONTIER LTD.,198300104G,BVISFRONTIER
KS FABRICATION AND ENGINEERING PTE. LTD.,GLOBALTECH SYSTEMS ENGINEERING PTE. LTD.,199401121E,200105112M
KS FABRICATION AND ENGINEERING PTE. LTD.,,199401121E,
KS INVESTOR CORPORATION,,KSINVESTCORP,
KS RESOURCES PTE. LTD.,,200819107D,
KS RIG INVEST FIVE PTE. LTD.,,KSRIGIN5,
KS RIG INVEST ONE PTE. LTD.,,201333581D,
KS RIG INVEST PTE LTD,KS RIG INVEST FIVE PTE. LTD.,201333002Z,KSRIGIN5
KS RIG INVEST PTE LTD,KS RIG INVEST ONE PTE. LTD.,201333002Z,201333581D
KS RIG INVEST PTE LTD,KS RIG INVEST SIX PTE. LTD.,201333002Z,KSRIGIN6
KS RIG INVEST PTE LTD,KS RIG INVEST THREE PTE. LTD.,201333002Z,KSRIGIN3
KS RIG INVEST PTE LTD,KS RIG INVEST TWO PTE. LTD.,201333002Z,201333590E
KS RIG INVEST SIX PTE. LTD.,KS INVESTOR CORPORATION,KSRIGINVEST,KSINVESTCORP
KS RIG INVEST THREE PTE. LTD.,,KSRIGIN3,
KS RIG INVEST TWO PTE. LTD.,,201333590E,
KSAM2 PETRODILL OFFSHORE INC.,,BVIKSAM2,
KUOK MENG XIONG,NO SIGNBOARD HOLDINGS LTD.,SG571F,201715253N
LAM CHOON SEN DAVID @ LAM KWOK KWONG,NO SIGNBOARD HOLDINGS LTD.,SG917J,201715253N
LAUNCHSTARS PTE. LTD.,,201300226N,
LEE HUA HOON,JUMBO GROUP LIMITED,SG098F,201503401Z
LEE JING YI,CNMC GOLDMINE HOLDINGS LIMITED,SG923C,201119104K
LEE YONG KWONG,EXPAND CONSTRUCTION PTE. LTD.,SG349J,200005999D
LEE YONG MIANG,EXPAND CONSTRUCTION PTE. LTD.,SG530Z,200005999D
LEE YUEN YONG,NO SIGNBOARD HOLDINGS LTD.,SG734D,201715253N
LEO TING PING,HC SURGICAL SPECIALISTS LIMITED,SG539A,201533429G
LEUNG KAI FOOK MEDICAL CO PTE LTD,LUM CHANG HOLDINGS LIMITED,197803359R,198203949N
LHL GROUP PTE. LTD.,,200414016N,
Lift-Offshore Inc,,BVILIFTOFF,
LIM & TAN SECURITIES PTE LTD,INNOPAC HOLDINGS LIMITED,197301030W,197301788K
LIM BEE HUAT,KOPITIAM INVESTMENT PTE. LTD.,SG067E,199302777N
LIM BOON KER ,KATRINA GROUP LTD.,SG557E,201608344N
LIM CHANG CHYUAN (LIN CHANGQUAN),ADVOCADO PTE. LTD.,SG683Z,201613142Z
LIM CHWEE TECK,BIOLIDICS LIMITED.,SG184A,200913076M
LIM GEOK SENG,KS ENERGY LIMITED,SG385I,198300104G
LIM HEE LIAT,131 MARSILING FOOD HOUSE PTE. LTD.,SG717B,200817769R
LIM HEE LIAT,147 SERANGOON FOOD HOUSE PTE. LTD.,SG717B,200607484W
LIM HEE LIAT,233 YISHUN KOPI POINT PTE. LTD.,SG717B,201605761R
LIM HEE LIAT,280 BISHAN FOOD HOUSE PTE. LTD.,SG717B,200702012K
LIM HEE LIAT,303 JURONG FOOD HOUSE PTE. LTD.,SG717B,200902437R
LIM HEE LIAT,555 AMK FOOD HOUSE PTE. LTD.,SG717B,200611456C
LIM HEE LIAT,881 HOUGANG FOOD HOUSE PTE. LTD.,SG717B,200611948D
LIM HEE LIAT,AMK 108 FOOD HOUSE PTE. LTD.,SG717B,201529681E
LIM HEE LIAT,AMK 339 FOOD HOUSE PTE. LTD.,SG717B,200918871R
LIM HEE LIAT,BN123 FOOD HOUSE PTE. LTD.,SG717B,201219700W
LIM HEE LIAT,BOON LAY 221 FOOD HOUSE PTE. LTD.,SG717B,200817276D
LIM HEE LIAT,BUKIT BATOK 150 FOOD HOUSE PTE. LTD.,SG717B,201223442G
LIM HEE LIAT,CAUSEWAY FOOD HOUSE PTE. LTD.,SG717B,200601864M
LIM HEE LIAT,CHAI CHEE 29 FOOD HOUSE PTE. LTD.,SG717B,200818303M
LIM HEE LIAT,CHAO YANG SEAFOOD,SG717B,53234884B
LIM HEE LIAT,CHODEE FOOD HOLDINGS PTE. LTD.,SG717B,200813391D
LIM HEE LIAT,CHODEE HOLDINGS PTE. LTD.,SG717B,200310038M
LIM HEE LIAT,CHOH DEE FOOD PLACE (FLS) PTE. LTD.,SG717B,201533097R
LIM HEE LIAT,CHOH DEE PLACE (163A) PTE. LTD.,SG717B,200718039H
LIM HEE LIAT,CHOH DEE PLACE (346A) PTE. LTD.,SG717B,200717998H
LIM HEE LIAT,CLEMENTI 325 FOOD HOUSE PTE. LTD.,SG717B,200811324N
LIM HEE LIAT,FOODCLIQUE (CAPEVIEW) PTE. LTD.,SG717B,201539150C
LIM HEE LIAT,FOODCLIQUE PTE. LTD.,SG717B,201021185G
LIM HEE LIAT,FOODWERKZ HUB PTE. LTD.,SG717B,201202960K
LIM HEE LIAT,GOURMET EXPRESS FOOD HOUSE PTE. LTD.,SG717B,200613753E
LIM HEE LIAT,HG327 KIMLY PTE. LTD.,SG717B,201539413G
LIM HEE LIAT,J-MEMBINA FOOD HOUSE PTE. LTD.,SG717B,200708667N
LIM HEE LIAT,JE346 EATING HOUSE PTE. LTD.,SG717B,200208507E
LIM HEE LIAT,JURONG WEST 651 FOOD HOUSE PTE. LTD.,SG717B,200718005G
LIM HEE LIAT,JW 501 FOOD HOUSE PTE. LTD.,SG717B,200608202C
LIM HEE LIAT,KIM BOON TAI EATING HOUSE PTE LTD,SG717B,200107738D
LIM HEE LIAT,KIMLY FOOD HOLDINGS PTE. LTD.,SG717B,200414013C
LIM HEE LIAT,KIMLY FOOD MANUFACTURING PTE. LTD.,SG717B,200813389W
LIM HEE LIAT,KIMLY FOOD PRODUCTS PTE. LTD.,SG717B,201423563E
LIM HEE LIAT,KIMLY LIMITED,SG717B,201613903R
LIM HEE LIAT,KOPI SUCCESS PTE LTD,SG717B,200101964H
LIM HEE LIAT,LHL GROUP PTE. LTD.,SG717B,200414016N
LIM HEE LIAT,LORONG LEW LIAN FOOD HOUSE PTE. LTD.,SG717B,201003523D
LIM HEE LIAT,N57 KIMLY SEAFOOD PTE. LTD.,SG717B,200718078H
LIM HEE LIAT,NEW CHANGI EATING HOUSE PTE. LTD.,SG717B,200204719D
LIM HEE LIAT,ONG KEE SEAFOOD (M211),SG717B,53102313C
LIM HEE LIAT,PARK (E) CRESCENT FOOD HOUSE PTE. LTD.,SG717B,200510615H
LIM HEE LIAT,PARK RESERVOIR FOOD HOUSE PTE. LTD.,SG717B,200503180C
LIM HEE LIAT,PASIR PARK FOOD HOUSE PTE. LTD.,SG717B,200310064G
LIM HEE LIAT,PASIR PARK FOOD HOUSE PTE. LTD.,SG717B,200310064G
LIM HEE LIAT,PP146 FOOD HOUSE PTE. LTD.,SG717B,200718012G
LIM HEE LIAT,S476 KIMLY SEAFOOD PTE. LTD.,SG717B,201539401M
LIM HEE LIAT,SENGKANG 266 FOOD HOUSE PTE. LTD.,SG717B,201107445E
LIM HEE LIAT,TAMPINES WEST FOOD COURT PTE. LTD.,SG717B,201406363H
LIM HEE LIAT,YEE SOON FOOD HOUSE PTE. LTD.,SG717B,200202011C
LIM HEE LIAT,YISHUN 233 FOOD HOUSE PTE. LTD.,SG717B,200718004R
LIM KUOH YANG,LIN XIANG XIONG,SG909C,SG688B
LIM PENG LIANG DAVID LLEWELLYN,CNMC GOLDMINE HOLDINGS LIMITED,SG752G,201119104K
LIM SOK CHENG JULIE,MESSIAH LIMITED,SGUnknown,HK2169389
LIM TECK CHAI DANNY,KIMLY LIMITED,SG327C,201613903R
LIM YEAN LENG,CNMC GOLDMINE HOLDINGS LIMITED,SG813H,201119104K
LIM YONG SIM (LIN RONGSEN),GUGONG PTE. LTD.,SG244J,199308096E
LIN MEE LAN,FOODTALKS CATERER & MANUFACTURER,SG889J,53029450L
LIN XIANG XIONG,INNOVATION (CHINA) LIMITED,SG688B,HK0768071
LIN XIANG XIONG,,SG688B,
LING SIOW MENG,CNMC GOLDMINE HOLDINGS LIMITED,SGUnknown,201119104K
LIU WENYING,CNMC GOLDMINE HOLDINGS LIMITED,SGUnknown,201119104K
LNF PRODUCTIONS,,SG53008611E,
LOH TEE PHENG,LUM CHANG HOLDINGS LIMITED,SGUnknown,198203949N
LORONG LEW LIAN FOOD HOUSE PTE. LTD.,,201003523D,
LOS ANGELES FOOTBALL CLUB,,LAFOOTC,
LOW JENN SHEN,EU HOLIDAYS PTE. LTD.,SG368C,201022285W
LOW MUI CHOO,MEDINEX LIMITED,SG920C,200900689W
LOW SEE CHING (LIU SHIJIN),CLEARBRIDGE HEALTH LIMITED,SG530B,201001436C
LOW WOO SWEE @ LOH SWEE TECK,INNOPAC HOLDINGS LIMITED,SG181B,197301788K
LUCROR PROPERTY PTE. LTD.,,201623848E,
LUM CHANG ASIA PACIFIC PTE. LTD.,LUM CHANG BUILDING CONTRACTORS PTE. LTD.,198601129N,197000827K
LUM CHANG BUILDING CONTRACTORS PTE. LTD.,,197000827K,
LUM CHANG HOLDINGS LIMITED,LUM CHANG ASIA PACIFIC PTE. LTD.,198203949N,198601129N
LUM CHANG HOLDINGS LIMITED,LUM CHANG BUILDING CONTRACTORS PTE. LTD.,198203949N,197000827K
LUM CHANG INVESTMENTS PTE LTD,LUM CHANG HOLDINGS LIMITED,198403391K,198203949N
LUM KOK SENG,BEVERIAN HOLDINGS PTE LTD,SG160D,199306719E
LUM KOK SENG,LUM CHANG HOLDINGS LIMITED,SG160D,198203949N
LUM KWAN SUNG,LUM CHANG HOLDINGS LIMITED,SG157D,198203949N
LUM KWAN SUNG,LUM CHANG INVESTMENTS PTE LTD,SG157D,198403391K
LUXURY YACHT CHARTER SDN. BHD.,,670694-P,
MADALINE CATHERINE TAN KIM WAH ,KATRINA GROUP LTD.,SG244A,201608344N
MALAYSIAN MICROALGAE ENTERPRISE SDN. BHD.,,1158922-W,
MAYBANK KIM ENG SECURITIES PTE. LTD.,CLEARBRIDGE HEALTH LIMITED,197201256N,201001436C
MAYBANK KIM ENG SECURITIES PTE. LTD.,CNMC GOLDMINE HOLDINGS LIMITED,197201256N,201119104K
MAYBANK KIM ENG SECURITIES PTE. LTD.,INNOPAC HOLDINGS LIMITED,197201256N,197301788K
MAYBANK KIM ENG SECURITIES PTE. LTD.,JUMBO GROUP LIMITED,197201256N,201503401Z
MAYBANK KIM ENG SECURITIES PTE. LTD.,KS ENERGY LIMITED,197201256N,198300104G
MAYBANK KIM ENG SECURITIES PTE. LTD.,NO SIGNBOARD HOLDINGS LTD.,197201256N,201715253N
MEDINEX LIMITED,,200900689W,
MEGAH SERUMPUN JAYA SDN. BHD.,,158667-K,
MEGAN MIDAS SDN. BHD.,,769093-A,
MESSIAH LIMITED,,HK2169389,
MIDAS NSSG INTERNATIONAL PTE. LTD.,,201528233H,
MIG NETWORK INTERNATIONAL PTE. LTD.,,201506032Z,
"MITSUBISHI UFJ LIFE SCIENCE I, LIMITED PARTNERSHIP",BIOLIDICS LIMITED.,MITUFJLIFESCII,200913076M
MOHAMMAD REZA SADEGHI,ATLANTIC NAVIGATION HOLDINGS (SINGAPORE) LIMITED,SGunknown,200411055E
MOL.COM BERHAD,,90314-P,
MORGAN STANLEY ASIA (SINGAPORE) SECURITIES PTE LTD,INNOPAC HOLDINGS LIMITED,200008434H,197301788K
N57 KIMLY SEAFOOD PTE. LTD.,,200718078H,
NAGA CAPITAL PARTNERS (CAYMAN) LIMITED,BIOLIDICS LIMITED.,CY646800,200913076M
NASIONCOM HOLDINGS BHD.,,613306-W,
NEO KOK CHING,ATLANTIC NAVIGATION HOLDINGS (SINGAPORE) LIMITED,SG835B,200411055E
NEW CHANGI EATING HOUSE PTE. LTD.,,200204719D,
NEW DRAGON TRADING,,SG52987323X,
NG ENG TIONG,CNMC GOLDMINE HOLDINGS LIMITED,SG534C,201119104K
NG HAN KEOW,KIMLY LIMITED,SG507A,201613903R
NG HWEE KOON,KS ENERGY LIMITED,SG977J,198300104G
NG KAH KENG,KIMLY LIMITED,SG933E,201613903R
NG KENG SING,MIDAS NSSG INTERNATIONAL PTE. LTD.,SG389H,201528233H
NG LAY BENG,KIMLY LIMITED,SG848Z,201613903R
NG THIAN HOO,KIMLY LIMITED,SG144Z,201613903R
NO SIGNBOARD HOLDINGS LTD.,DANISH BREWERIES PTE. LTD.,201715253N,201416559H
NO SIGNBOARD HOLDINGS LTD.,DRAFF BEER PTE. LTD.,201715253N,201714094K
NO SIGNBOARD HOLDINGS LTD.,DRAFT BREWERIES DENMARK APS,201715253N,DK36065192
NO SIGNBOARD HOLDINGS LTD.,SINGAPORE CHILLI CRAB PTE. LTD.,201715253N,201724809E
NO SIGNBOARD HOLDINGS LTD.,TAO BREWERY PTE. LTD.,201715253N,201708006E
NORSILAH BINTE BAHTIAR,BUSY BEES ASIA PTE. LTD.,SG818C,201432726W
NOSTALGIA KIARA SDN. BHD.,,379928-K,
NSH HOLDINGS PTE LTD,JUMBO GROUP LIMITED,201012049D,201503401Z
NTUC FAIRPRICE CO-OPERATIVE LTD ,KEPPEL DC REIT MANAGEMENT PTE. LTD.,NTUCCOO,199508930C
NUS TECHNOLOGY HOLDINGS PTE LTD,BIOLIDICS LIMITED.,199500236N,200913076M
OASIS MARINE INC,,BVIOASISM,
OCBC NOMINEES SINGAPORE PRIVATE LIMITED ,KEPPEL DC REIT MANAGEMENT PTE. LTD.,197400645Z,199508930C
OCBC NOMINEES SINGAPORE PRIVATE LIMITED ,KS ENERGY LIMITED,197400645Z,198300104G
OCBC NOMINEES SINGAPORE PRIVATE LIMITED ,LUM CHANG HOLDINGS LIMITED,197400645Z,198203949N
OCBC SECURITIES PRIVATE LIMITED ,ATLANTIC NAVIGATION HOLDINGS (SINGAPORE) LIMITED,,200411055E
OCBC SECURITIES PRIVATE LIMITED ,CNMC GOLDMINE HOLDINGS LIMITED,196600262R,201119104K
OCBC SECURITIES PRIVATE LIMITED ,INNOPAC HOLDINGS LIMITED,196600262R,197301788K
OCBC SECURITIES PRIVATE LIMITED ,JUMBO GROUP LIMITED,196600262R,201503401Z
OCBC SECURITIES PRIVATE LIMITED ,KEPPEL DC REIT MANAGEMENT PTE. LTD.,196600262R,199508930C
OCBC SECURITIES PRIVATE LIMITED ,LUM CHANG HOLDINGS LIMITED,196600262R,198203949N
OCBC SECURITIES PRIVATE LIMITED ,NO SIGNBOARD HOLDINGS LTD.,196600262R,201715253N
OCBC SECURITIES PRIVATE LTD ,KATRINA GROUP LTD.,196600262R,201608344N
OMNISTREAM PTE. LTD.,,201720105N,
ONG CHEW HONG,KOPITIAM INVESTMENT PTE. LTD.,SG499A,199302777N
ONG ENG SING,KIMLY LIMITED,SG877B,201613903R
ONG HO YONG ADAM,INNOPAC HOLDINGS LIMITED,SG583D,197301788K
"ONG HSIEN CHIH, JAMES",BIOLIDICS LIMITED.,SG727I,200913076M
ONG KEE SEAFOOD (M211),,53102313C,
ORCHID 1 INVESTMENTS PTE LTD,JUMBO GROUP LIMITED,201307689R,201503401Z
OSCAR CAPITAL PTE. LTD. ,CLEARBRIDGE HEALTH LIMITED,201223592E,201001436C
OW SOON POOH,KIMLY LIMITED,SG370F,201613903R
OW YONG HENG LEONG,LUM CHANG HOLDINGS LIMITED,SGUnknown,198203949N
PACIFIC ONE ENERGY LIMITED,KS ENERGY LIMITED,BVIPACIFICO,198300104G
PALM BEACH SEAFOOD RESTAURANT PTE LTD ,JUMBO GROUP LIMITED,198500910Z,201503401Z
PANG KA LEONG,FOODTALKS CATERER & MANUFACTURER,SG799C,53029450L
PARAGON ASSETS PTE. LTD.,,201417735E,
PARK (E) CRESCENT FOOD HOUSE PTE. LTD.,,200510615H,
PARK RESERVOIR FOOD HOUSE PTE. LTD.,,200503180C,
PASIR PARK FOOD HOUSE PTE. LTD.,,200310064G,
PEH KIM LEONG SUNNY (BAI JINLONG),KIMLY LIMITED,SG130B,201613903R
PEH OON KEE,KIMLY LIMITED,SG470E,201613903R
PG COMMUNICATIONS PTE. LTD.,PG COMMUNICATIONS SDN. BHD.,197500908H,709411-V
PG COMMUNICATIONS SDN. BHD.,,709411-V,
PHILLIP SECURITIES PTE LTD ,CNMC GOLDMINE HOLDINGS LIMITED,197501035Z,201119104K
PHILLIP SECURITIES PTE LTD ,INNOPAC HOLDINGS LIMITED,197501035Z,197301788K
PHILLIP SECURITIES PTE LTD ,KATRINA GROUP LTD.,197501035Z,201608344N
PHILLIP SECURITIES PTE LTD ,LUM CHANG HOLDINGS LIMITED,197501035Z,198203949N
PHILLIP SECURITIES PTE LTD ,NO SIGNBOARD HOLDINGS LTD.,197501035Z,201715253N
PHILLIP SECURITIES PTE LTD  ,JUMBO GROUP LIMITED,197501035Z,201503401Z
PHILLIP SECURITIES PTE LTD  ,KEPPEL DC REIT MANAGEMENT PTE. LTD.,197501035Z,199508930C
PHILLIP SECURITIES PTE LTD  ,KS ENERGY LIMITED,197501035Z,198300104G
PHUA MENG TONG,INNOPAC HOLDINGS LIMITED,SGunknown,197301788K
PINK FLUX LLP,,SGT09LL1926C,
PLANVEX GROUP SDN. BHD.,,973733-A,
POWERACE COMMUNICATIONS NETWORK SDN. BHD.,,201025-M,
PP146 FOOD HOUSE PTE. LTD.,,200718012G,
PPACIFIC INTERNATIONAL OFFSHORE INC.,,BVIPACIFICI,
PRIME JAYA ENTERPRISE SDN BHD,,37922-P,
PT ATLANTIC OILFIELD SERVICES,,INDPTATLAN,
PT GLOBALTECH SYSTEMS ENGINEERING,,INDPTGLOBAL,
PT PETRO PAPUA ENERGI,,INDPTPETRO,
QED INNOVATE PTE. LTD.,CLEARBRIDGE HEALTH LIMITED,201611816N,201001436C
QIM VENTURES LIMITED,,HE222215,
QQ PET BOARDING,,53214995E,
QUAFFS PTE. LTD.,,200700213W,
RAFFLES NOMINEES (PTE) LIMITED,CNMC GOLDMINE HOLDINGS LIMITED,193700032R,201119104K
RAFFLES NOMINEES (PTE) LIMITED,INNOPAC HOLDINGS LIMITED,193700032R,197301788K
RAFFLES NOMINEES (PTE) LIMITED,JUMBO GROUP LIMITED,193700032R,201503401Z
RAFFLES NOMINEES (PTE) LIMITED,KATRINA GROUP LTD.,193700032R,201608344N
RAFFLES NOMINEES (PTE) LIMITED,KEPPEL DC REIT MANAGEMENT PTE. LTD.,193700032R,199508930C
RAFFLES NOMINEES (PTE) LIMITED,KIMLY LIMITED,193700032R,201613903R
RAFFLES NOMINEES (PTE) LIMITED,KS ENERGY LIMITED,193700032R,198300104G
RAFFLES NOMINEES (PTE) LIMITED,LUM CHANG HOLDINGS LIMITED,193700032R,198203949N
RAFFLES NOMINEES (PTE) LIMITED,NO SIGNBOARD HOLDINGS LTD.,193700032R,201715253N
REEVES TNG HUNG KWEE (REEVES TANG HANGUI),KIMLY LIMITED,SG177E,201613903R
RENUNG NUSANTARA (M) SDN. BHD.,,643570-K,
RHB SECURITIES SINGAPORE PTE. LTD.,INNOPAC HOLDINGS LIMITED,198701140E,197301788K
ROY LEE YONG LYE (ROY LI RONGLAI),EXPAND CONSTRUCTION PTE. LTD.,SG366C,200005999D
RUBBER SOLUTION ORGANISATION,,SG53191084M,
S&E CUMFORD (THAILAND) LTD,,105495000781,
S476 KIMLY SEAFOOD PTE. LTD.,,201539401M,
SALLY LIM LAY TIN,KOPITIAM INVESTMENT PTE. LTD.,SG835G,199302777N
SAMUEL PAUL OLIVER CAREW-JONES,KS ENERGY LIMITED,SG477F,198300104G
SARAJEVO FOOTBALL CLUB,,SARAFC,
SASIKUMARAN PILLAI S/O MANMATHAN PILLAI ,KATRINA GROUP LTD.,SG225D,201608344N
SCCI CAPITAL PTE. LTD.,,201833318Z,
SCCI HOLDINGS PTE. LTD.,INTERNATIONAL BUSINESS SCHOOL,201833314R,53379818C
SCCI HOLDINGS PTE. LTD.,JEWISH BUSINESS SCHOOL,201833314R,53378751C
SCCI HOLDINGS PTE. LTD.,SCCI CAPITAL PTE. LTD.,201833314R,201833318Z
SCCI HOLDINGS PTE. LTD.,SG BUSINESS NETWORK,201833314R,53377782L
SCCI HOLDINGS PTE. LTD.,SINGAPORE BUSINESS NETWORK,201833314R,53377966M
SCCI HOLDINGS PTE. LTD.,"SINGAPORE CHAMBER OF COMMERCE & INDUSTRY	",201833314R,53382972X
SCCI HOLDINGS PTE. LTD.,,201833314R,
SEE BOON HUAT,JUMBO GROUP LIMITED,SG978A,201503401Z
SEEDS CAPITAL PTE LTD,BIOLIDICS LIMITED.,200108060H,200913076M
SEEDS CAPITAL PTE. LTD.,,200108060H,
SENGKANG 266 FOOD HOUSE PTE. LTD.,,201107445E,
SG BUSINESS NETWORK,,53377782L,
SHAKEY'S HOLDINGS PTE LTD,,199005272E,
SHINE VENTURE CAPITAL PTE. LTD.,HC SURGICAL SPECIALISTS LIMITED,201626304G,201533429G
SHINY HAND CAR WASH LIMITED,,09347931,
SIM SAI GIN,JUMBO GROUP LIMITED,SG098F,201503401Z
SINGAPORE BUSINESS NETWORK,,53377966M,
"SINGAPORE CHAMBER OF BUSINESS	",,53387969L,
"SINGAPORE CHAMBER OF COMMERCE & INDUSTRY	",,53382972X,
SINGAPORE CHILLI CRAB PTE. LTD.,,201724809E,
SINGAPORE FACEBOOK NETWORK,,53386976E,
SINGAPORE INSTITUTE OF ADVANCED MEDICINE HOLDINGS PTE. LTD.,CLEARBRIDGE HEALTH LIMITED,201134046D,201001436C
SINGAPORE PROPERTY NETWORK,,53385070C,
SOH KIAN THIAM ,KATRINA GROUP LTD.,SG419A,201608344N
SOH SAI KIANG,ATLANTIC NAVIGATION HOLDINGS (SINGAPORE) LIMITED,SG374C,200411055E
SPHINX FRONTIER LTD.,ATLANTIC ROTTERDAM LIMITED,BVISPHINXF,38033
SPIZE EVENTS PTE. LTD.,,200718144C,
SPRING EQUITY INVESTMENTS,SEEDS CAPITAL PTE. LTD.,200711501C,200108060H
STORE TO BUY,,53132469M,
STRAITS ORGANIZATION PTE. LTD.,,201736152C,
STRIDE GROUP LLP,,T14LL0186D,
SUASANA JUARA SDN. BHD.,,1001136-V,
SUM CHEE WHO,KS ENERGY LIMITED,198300104GSCW,198300104G
SUNFIELD PTE. LTD.,KS ENERGY LIMITED,200301324W,198300104G
SUPERIOR CARBONTECH AND SOLUTIONS SDN. BHD.,,1161633-D,
SUPERIOR STRUCTURE SDN. BHD.,,217720-K,
TAL CAPITAL PTE LTD,ATLANTIC NAVIGATION HOLDINGS (SINGAPORE) LIMITED,,200411055E
TAMPINES WEST FOOD COURT PTE. LTD.,,201406363H,
TAN AH LYE,ATLANTIC NAVIGATION HOLDINGS (SINGAPORE) LIMITED,SG053Z,200411055E
TAN BAN SER,ATLANTIC NAVIGATION HOLDINGS (SINGAPORE) LIMITED,SG028H,200411055E
TAN CHAI PENG,KS ENERGY LIMITED,SG835B,198300104G
TAN CHONG MENG,CNMC GOLDMINE HOLDINGS LIMITED,SGUnknown,201119104K
TAN CHOON HUAT,AIRE-MAX ASIA PTE. LTD.,SG330J,201817870K
TAN GEE JIAN,JUMBO GROUP LIMITED,SG408I,201503401Z
TAN KAY TOH,KS ENERGY LIMITED,SG597I,198300104G
TAN KAY TOH OR YU HEA RYEONG ,KATRINA GROUP LTD.,SG597I,201608344N
TAN LEE MENG,MEDINEX LIMITED,SG732B,200900689W
TAN SIANG HIN,KOPITIAM INVESTMENT PTE. LTD.,SG952D,199302777N
TAN SRI DATO'SERI VINCENT TAN CHEE YIOUN,ASCOT SPORTS SDN. BHD.,MY5779,116517-U
TAN SRI DATO'SERI VINCENT TAN CHEE YIOUN,B & B ENTERPRISE SDN. BHD.,MY5780,67761-A
TAN SRI DATO'SERI VINCENT TAN CHEE YIOUN,BAYU UNTUNG SDN. BHD.,MY5781,1027934-A
TAN SRI DATO'SERI VINCENT TAN CHEE YIOUN,BERJAYA MEDIA BERHAD,MY5782,290601-T
TAN SRI DATO'SERI VINCENT TAN CHEE YIOUN,BERJAYA RESOURCE HOLDINGS SDN. BHD.,MY5783,001805506-V
TAN SRI DATO'SERI VINCENT TAN CHEE YIOUN,BERJAYA VTCY SDN. BHD.,MY5784,26929-U
TAN SRI DATO'SERI VINCENT TAN CHEE YIOUN,BSNC CORPORATION BERHAD,MY5785,23877-T
TAN SRI DATO'SERI VINCENT TAN CHEE YIOUN,CARDIFF CITY FOOTBALL CLUB,MY5786,00109065
TAN SRI DATO'SERI VINCENT TAN CHEE YIOUN,COSWAY SPORTS SDN. BHD.,MY5787,133572-X
TAN SRI DATO'SERI VINCENT TAN CHEE YIOUN,DRAGON DISCOVERY SDN. BHD.,MY5788,598512-M
TAN SRI DATO'SERI VINCENT TAN CHEE YIOUN,ECO PALM PAPER SDN. BHD.,MY5789,704625-W
TAN SRI DATO'SERI VINCENT TAN CHEE YIOUN,EMEDIFILE SDN. BHD.,MY5790,589801-X
TAN SRI DATO'SERI VINCENT TAN CHEE YIOUN,GANDA KUAT SDN BHD,MY5791,138144-K
TAN SRI DATO'SERI VINCENT TAN CHEE YIOUN,HARUM MULIA SDN. BHD.,MY5792,860240-M
TAN SRI DATO'SERI VINCENT TAN CHEE YIOUN,HIGH-5 CONGLOMERATE BERHAD,MY5793,277977-X
TAN SRI DATO'SERI VINCENT TAN CHEE YIOUN,HOTEL RESORT ENTERPRISE SDN. BHD.,MY5794,118492-K
TAN SRI DATO'SERI VINCENT TAN CHEE YIOUN,IKATAN JAUHARI SDN. BHD.,MY5795,769331-W
TAN SRI DATO'SERI VINCENT TAN CHEE YIOUN,ILHAM OMBAK SDN. BHD.,MY5796,338991-K
TAN SRI DATO'SERI VINCENT TAN CHEE YIOUN,INDAH JAYA PLANTATIONS SDN. BHD.,MY5797,201355-K
TAN SRI DATO'SERI VINCENT TAN CHEE YIOUN,INTAN UTILITIES BERHAD,MY5798,371677-T
TAN SRI DATO'SERI VINCENT TAN CHEE YIOUN,JENAMA GEMILANG SDN. BHD.,MY5799,348224-X
TAN SRI DATO'SERI VINCENT TAN CHEE YIOUN,JITUMAJU SDN. BHD.,MY5800,108727-D
TAN SRI DATO'SERI VINCENT TAN CHEE YIOUN,KEMAJUAN PAKATAN SDN.BHD.,MY5801,108756-U
TAN SRI DATO'SERI VINCENT TAN CHEE YIOUN,KONINKLIJKE VOETBALCLUB KORTRIJK,MY5802,KVKORT
TAN SRI DATO'SERI VINCENT TAN CHEE YIOUN,LOS ANGELES FOOTBALL CLUB,MY5804,LAFOOTC
TAN SRI DATO'SERI VINCENT TAN CHEE YIOUN,LUXURY YACHT CHARTER SDN. BHD.,MY5805,670694-P
TAN SRI DATO'SERI VINCENT TAN CHEE YIOUN,MEGAH SERUMPUN JAYA SDN. BHD.,MY5806,158667-K
TAN SRI DATO'SERI VINCENT TAN CHEE YIOUN,MOL.COM BERHAD,MY5803,90314-P
TAN SRI DATO'SERI VINCENT TAN CHEE YIOUN,NASIONCOM HOLDINGS BHD.,MY5807,613306-W
TAN SRI DATO'SERI VINCENT TAN CHEE YIOUN,NOSTALGIA KIARA SDN. BHD.,MY5808,379928-K
TAN SRI DATO'SERI VINCENT TAN CHEE YIOUN,PLANVEX GROUP SDN. BHD.,MY5809,973733-A
TAN SRI DATO'SERI VINCENT TAN CHEE YIOUN,POWERACE COMMUNICATIONS NETWORK SDN. BHD.,MY5810,201025-M
TAN SRI DATO'SERI VINCENT TAN CHEE YIOUN,PRIME JAYA ENTERPRISE SDN BHD,MY5811,37922-P
TAN SRI DATO'SERI VINCENT TAN CHEE YIOUN,RENUNG NUSANTARA (M) SDN. BHD.,MY5812,643570-K
TAN SRI DATO'SERI VINCENT TAN CHEE YIOUN,SARAJEVO FOOTBALL CLUB,MY5813,SARAFC
TAN SRI DATO'SERI VINCENT TAN CHEE YIOUN,SUASANA JUARA SDN. BHD.,MY5814,1001136-V
TAN SRI DATO'SERI VINCENT TAN CHEE YIOUN,SUPERIOR STRUCTURE SDN. BHD.,MY5815,217720-K
TAN SRI DATO'SERI VINCENT TAN CHEE YIOUN,TANJUNG TERANG SDN. BHD.,MY5816,199903-V
TAN SRI DATO'SERI VINCENT TAN CHEE YIOUN,TIOMAN HILL RESORT SDN.BHD.,MY5817,164248-P
TAN SRI DATO'SERI VINCENT TAN CHEE YIOUN,TRUE ASCEND SDN BHD,MY5818,1232851-P
TAN SRI DATO'SERI VINCENT TAN CHEE YIOUN,U TELEMEDIA SDN. BHD.,MY5819,796537-P
TAN SRI DATO'SERI VINCENT TAN CHEE YIOUN,UNITED PRIME CORPORATION SDN. BHD.,MY5820,57390-V
TAN SRI DATO'SERI VINCENT TAN CHEE YIOUN,UPBIT MALAYSIA SDN BHD,MY5821,1278816-X
TAN SWEE NGIN,INNOVATION (CHINA) LIMITED,SG865G,HK0768071
TAN THIAN HWEE,LUM CHANG HOLDINGS LIMITED,SGUnknown,198203949N
TANG WOON EE,LUM CHANG HOLDINGS LIMITED,SG155J,198203949N
TANJUNG TERANG SDN. BHD.,,199903-V,
TAO BREWERY PTE. LTD.,,201708006E,
TEO SWAY HEONG,JUMBO GROUP LIMITED,SG294H,201503401Z
TER KIM CHEU,KIMLY LIMITED,SG545E,201613903R
THONG KWOK KHEONG,ATLANTIC NAVIGATION HOLDINGS (SINGAPORE) LIMITED,SG720J,200411055E
TIMOTHY COOK DRAPER & MELISSA PARKER DRAPER,CLEARBRIDGE HEALTH LIMITED,SGUnknown,201001436C
TIOMAN HILL RESORT SDN.BHD.,,164248-P,
TRAUWIN PTE. LIMITED,BIOLIDICS LIMITED.,201301453E,200913076M
TRAVELGURU,,SG53268034X,
TRINITY CORPORATE RECOVERY PTE. LTD.,,200409065K,
TRUE ASCEND SDN BHD,,1232851-P,
TUNG LOK CATERING,,53135624L,
TUNG LOK MILLENIUM PTE LTD,TUNG LOK CATERING,200006691H,53135624L
TWENTYSIXMORONT CORP. ,BUSY BEES ASIA PTE. LTD.,T14UF5161J,201432726W
U TELEMEDIA SDN. BHD.,,796537-P,
UNITED OVERSEAS BANK NOMINEES (PRIVATE) LIMITED,INNOPAC HOLDINGS LIMITED,196800520N,197301788K
UNITED OVERSEAS BANK NOMINEES (PRIVATE) LIMITED,JUMBO GROUP LIMITED,196800520N,201503401Z
UNITED OVERSEAS BANK NOMINEES (PRIVATE) LIMITED,KEPPEL DC REIT MANAGEMENT PTE. LTD.,196800520N,199508930C
UNITED OVERSEAS BANK NOMINEES (PRIVATE) LIMITED,KS ENERGY LIMITED,196800520N,198300104G
UNITED OVERSEAS BANK NOMINEES (PRIVATE) LIMITED,LUM CHANG HOLDINGS LIMITED,196800520N,198203949N
UNITED PRIME CORPORATION SDN. BHD.,,57390-V,
UOB KAY HIAN PRIVATE LIMITED,ATLANTIC NAVIGATION HOLDINGS (SINGAPORE) LIMITED,,200411055E
UOB KAY HIAN PRIVATE LIMITED,CNMC GOLDMINE HOLDINGS LIMITED,197000447W,201119104K
UOB KAY HIAN PRIVATE LIMITED,INNOPAC HOLDINGS LIMITED,197000447W,197301788K
UOB KAY HIAN PRIVATE LIMITED,KATRINA GROUP LTD.,197000447W,201608344N
UOB KAY HIAN PRIVATE LIMITED,KEPPEL DC REIT MANAGEMENT PTE. LTD.,197000447W,199508930C
UOB KAY HIAN PRIVATE LIMITED,KIMLY LIMITED,197000447W,201613903R
UOB KAY HIAN PRIVATE LIMITED,KS ENERGY LIMITED,197000447W,198300104G
UOB KAY HIAN PRIVATE LIMITED,LUM CHANG HOLDINGS LIMITED,197000447W,198203949N
UPBIT MALAYSIA SDN BHD,,1278816-X,
VANDA 1 INVESTMENTS PTE LTD,KIMLY LIMITED,201427707G,201613903R
VIRTUAL LIFE,,SG52891815W,
WANG DA INVESTMENTS LIMITED,,BVIWANGD,
WANG ZHAO PING,INNOPAC HOLDINGS LIMITED,SGunknown,197301788K
WEALTH INVEST PTE. LTD.,,201431997K,
WEE TIAN CHWEE JEFFREY,KIMLY LIMITED,SG933B,201613903R
WELCOMEFIVE,,SG53195326B,
WENDY CHEN,OMNISTREAM PTE. LTD.,SG277W,201720105N
WHATSAPP NETWORK,,53387520W,
WONG CHI WAI ROY (HUANG ZHIWEI),CLEARBRIDGE HEALTH LIMITED,SG725I,201001436C
WONG CHIN YONG,INNOPAC HOLDINGS LIMITED,SG733D,197301788K
WONG HONG KOON,KIMLY LIMITED,SG247J,201613903R
WONG LEE JUAN,INNOPAC HOLDINGS LIMITED,SG773G,197301788K
WONG SEK PUN,ATLANTIC NAVIGATION HOLDINGS (SINGAPORE) LIMITED,SGunknown,200411055E
WONG SIEW CHEONG,ATLANTIC NAVIGATION HOLDINGS (SINGAPORE) LIMITED,SGunknown,200411055E
WONG SIEW CHEONG,CHONG MEE CHIN ,,200411055E
WONG YEW HOONG,EU HOLIDAYS PTE. LTD.,SGunknown,201022285W
XPLISITE SOLUTIONS,,SG52947046B,
XPLISITE SOLUTIONS PTE. LTD.,,200407170K,
XU DEHAN ,CNMC GOLDMINE HOLDINGS LIMITED,SGUnknown,201119104K
YAO HSIAO TUNG,ATLANTIC NAVIGATION HOLDINGS (SINGAPORE) LIMITED,SG741A,200411055E
YAP HOON HONG,ATLANTIC NAVIGATION HOLDINGS (SINGAPORE) LIMITED,SG785B,200411055E
YEE SOON FOOD HOUSE PTE. LTD.,,200202011C,
YEO HIAP SENG LTD,YHS INVESTMENT PTE. LTD.,195500138Z,199406507E
YEO HUNG HEE BENJAMIN,CNMC GOLDMINE HOLDINGS LIMITED,SG471B,201119104K
YEO KHEE SENG,HC SURGICAL SPECIALISTS LIMITED,SG766C,201533429G
YEO KHEE SENG BENNY,CLEARBRIDGE HEALTH LIMITED,SG766C,201001436C
YEO NAK KEOW,NO SIGNBOARD HOLDINGS LTD.,SG366G,201715253N
YHS INVESTMENT PTE. LTD.,NO SIGNBOARD HOLDINGS LTD.,199406507E,201715253N
YISHUN 233 FOOD HOUSE PTE. LTD.,,200718004R,
"YONG YUN PTE. LTD.	",,201621813Z,
YOU DER CHEE,EXCEL-ANN TECHNOLOGY PTE. LTD.,SG704B,201707817H
YU HEA RYEONG,KS ENERGY LIMITED,SG809F,198300104G
